,Helix,Helix,Helix,Helix,Helix,Helix,Helix,Helix,Helix,Helix,Helix,Helix,Helix,sheet,sheet,sheet,sheet,sheet,other,other,other,other,other
A,11.9464,11.9464,11.9464,11.9464,11.9464,11.9464,11.9464,11.9464,11.9464,11.9464,11.9464,11.9464,11.9464,6.6272,6.6272,6.6272,6.6272,6.6272,6.8016,6.8016,6.8016,6.8016,6.8016
R,5.8,5.8,5.8,5.8,5.8,5.8,5.8,5.8,5.8,5.8,5.8,5.8,5.8,4.6,4.6,4.6,4.6,4.6,4.4,4.4,4.4,4.4,4.4
N,3.7048,3.7048,3.7048,3.7048,3.7048,3.7048,3.7048,3.7048,3.7048,3.7048,3.7048,3.7048,3.7048,2.6102,2.6102,2.6102,2.6102,2.6102,5.5993,5.5993,5.5993,5.5993,5.5993
D,5.4004,5.4004,5.4004,5.4004,5.4004,5.4004,5.4004,5.4004,5.4004,5.4004,5.4004,5.4004,5.4004,3.1698,3.1698,3.1698,3.1698,3.1698,7.4549,7.4549,7.4549,7.4549,7.4549
C,1.071,1.071,1.071,1.071,1.071,1.071,1.071,1.071,1.071,1.071,1.071,1.071,1.071,1.5498,1.5498,1.5498,1.5498,1.5498,1.1592,1.1592,1.1592,1.1592,1.1592
Q,4.5632,4.5632,4.5632,4.5632,4.5632,4.5632,4.5632,4.5632,4.5632,4.5632,4.5632,4.5632,4.5632,2.7968,2.7968,2.7968,2.7968,2.7968,3.2752,3.2752,3.2752,3.2752,3.2752
E,8.606,8.606,8.606,8.606,8.606,8.606,8.606,8.606,8.606,8.606,8.606,8.606,8.606,4.634,4.634,4.634,4.634,4.634,5.6932,5.6932,5.6932,5.6932,5.6932
G,4.8794,4.8794,4.8794,4.8794,4.8794,4.8794,4.8794,4.8794,4.8794,4.8794,4.8794,4.8794,4.8794,5.1942,5.1942,5.1942,5.1942,5.1942,12.4346,12.4346,12.4346,12.4346,12.4346
H,2.0944,2.0944,2.0944,2.0944,2.0944,2.0944,2.0944,2.0944,2.0944,2.0944,2.0944,2.0944,2.0944,2.38,2.38,2.38,2.38,2.38,2.5704,2.5704,2.5704,2.5704,2.5704
I,5.2416,5.2416,5.2416,5.2416,5.2416,5.2416,5.2416,5.2416,5.2416,5.2416,5.2416,5.2416,5.2416,9.6096,9.6096,9.6096,9.6096,9.6096,3.4944,3.4944,3.4944,3.4944,3.4944
L,11.2644,11.2644,11.2644,11.2644,11.2644,11.2644,11.2644,11.2644,11.2644,11.2644,11.2644,11.2644,11.2644,10.3704,10.3704,10.3704,10.3704,10.3704,5.9898,5.9898,5.9898,5.9898,5.9898
K,6.2263,6.2263,6.2263,6.2263,6.2263,6.2263,6.2263,6.2263,6.2263,6.2263,6.2263,6.2263,6.2263,4.408,4.408,4.408,4.408,4.408,5.51,5.51,5.51,5.51,5.51
M,2.40,2.40,2.40,2.40,2.40,2.40,2.40,2.40,2.40,2.40,2.40,2.40,2.40,2.00,2.00,2.00,2.00,2.00,1.60,1.60,1.60,1.60,1.60
F,3.8,3.8,3.8,3.8,3.8,3.8,3.8,3.8,3.8,3.8,3.8,3.8,3.8,5.60,5.60,5.60,5.60,5.60,3.20,3.20,3.20,3.20,3.20
P,2.2278,2.2278,2.2278,2.2278,2.2278,2.2278,2.2278,2.2278,2.2278,2.2278,2.2278,2.2278,2.2278,2.0382,2.0382,2.0382,2.0382,2.0382,8.6742,8.6742,8.6742,8.6742,8.6742
S,5.211,5.211,5.211,5.211,5.211,5.211,5.211,5.211,5.211,5.211,5.211,5.211,5.211,4.8636,4.8636,4.8636,4.8636,4.8636,6.7164,6.7164,6.7164,6.7164,6.7164
T,4.6872,4.6872,4.6872,4.6872,4.6872,4.6872,4.6872,4.6872,4.6872,4.6872,4.6872,4.6872,4.6872,6.696,6.696,6.696,6.696,6.696,5.9706,5.9706,5.9706,5.9706,5.9706
W,1.3857,1.3857,1.3857,1.3857,1.3857,1.3857,1.3857,1.3857,1.3857,1.3857,1.3857,1.3857,1.3857,1.8923,1.8923,1.8923,1.8923,1.8923,1.192,1.192,1.192,1.192,1.192
Y,3.2806,3.2806,3.2806,3.2806,3.2806,3.2806,3.2806,3.2806,3.2806,3.2806,3.2806,3.2806,3.2806,4.9558,4.9558,4.9558,4.9558,4.9558,2.792,2.792,2.792,2.792,2.792
V,6.2098,6.2098,6.2098,6.2098,6.2098,6.2098,6.2098,6.2098,6.2098,6.2098,6.2098,6.2098,6.2098,14.0041,14.0041,14.0041,14.0041,14.0041,5.4722,5.4722,5.4722,5.4722,5.4722